type,trade_id,product_id,time,side,price,last_size,sequence,best_bid,best_ask,high_24h,low_24h,volume_24h,volume_30d,open_24h
ticker,,BTC-USD,,,6448.25000000,,6096061493,6448.24,6448.25,6694.56000000,6448.24000000,7246.09685892,239234.80829194,6641.00000000
ticker,44878241,BTC-USD,2018-06-15T20:31:03.161000Z,sell,6448.24000000,0.20000000,6096061883,6448.24,6448.25,6694.56000000,6448.24000000,7246.29685892,239235.00829194,6641.00000000
ticker,44878242,BTC-USD,2018-06-15T20:31:06.044000Z,sell,6448.24000000,0.04880000,6096062209,6448.24,6448.25,6694.56000000,6448.24000000,7246.34565892,239235.05709194,6641.00000000
ticker,44878243,BTC-USD,2018-06-15T20:31:06.044000Z,sell,6448.24000000,0.15120000,6096062211,6448.24,6448.25,6694.56000000,6448.24000000,7246.49685892,239235.20829194,6641.00000000
ticker,44878244,BTC-USD,2018-06-15T20:31:07.262000Z,sell,6448.24000000,0.20000000,6096062373,6448.24,6448.25,6694.56000000,6448.24000000,7246.69685892,239235.40829194,6641.00000000
ticker,44878245,BTC-USD,2018-06-15T20:31:07.787000Z,sell,6448.24000000,0.34880000,6096062468,6448.24,6448.25,6694.56000000,6448.24000000,7247.04565892,239235.75709194,6641.00000000
ticker,44878249,BTC-USD,2018-06-15T20:31:07.787000Z,sell,6448.24000000,0.00894942,6096062476,6448.24,6448.25,6694.56000000,6448.24000000,7247.05460834,239235.76604136,6641.00000000
ticker,44878252,BTC-USD,2018-06-15T20:31:08.152000Z,sell,6448.24000000,0.10000000,6096062556,6448.23,6448.24,6694.56000000,6448.24000000,7247.15460834,239235.86604136,6641.00000000
ticker,44878253,BTC-USD,2018-06-15T20:31:09.470000Z,sell,6448.23000000,0.04700000,6096062884,6448.23,6448.24,6694.56000000,6448.23000000,7247.20160834,239235.91304136,6641.00000000
ticker,44878254,BTC-USD,2018-06-15T20:31:10.001000Z,sell,6448.23000000,0.00371607,6096063093,6448.23,6448.24,6694.56000000,6448.23000000,7247.20532441,239235.91675743,6641.00000000
ticker,44878260,BTC-USD,2018-06-15T20:31:10.001000Z,sell,6448.22000000,0.00371050,6096063105,6448.21,6448.24,6694.56000000,6448.22000000,7247.20903491,239235.92046793,6641.00000000
ticker,44878265,BTC-USD,2018-06-15T20:31:10.001000Z,sell,6445.00000000,0.78764144,6096063115,6445,6448.24,6694.56000000,6445.00000000,7247.99667635,239236.70810937,6641.00000000
ticker,44878266,BTC-USD,2018-06-15T20:31:10.369000Z,buy,6446.44000000,1.50000000,6096063352,6446.43,6446.44,6694.56000000,6445.00000000,7249.49667635,239238.20810937,6641.00000000
ticker,44878268,BTC-USD,2018-06-15T20:31:10.661000Z,buy,6446.44000000,0.43130000,6096063441,6446.43,6446.44,6694.56000000,6445.00000000,7249.92797635,239238.63940937,6641.00000000
ticker,44878269,BTC-USD,2018-06-15T20:31:10.952000Z,buy,6446.44000000,0.70300000,6096063576,6446.43,6446.44,6694.56000000,6445.00000000,7250.63097635,239239.34240937,6641.00000000
ticker,44878270,BTC-USD,2018-06-15T20:31:10.952000Z,buy,6446.44000000,0.36570000,6096063578,6446.43,6446.44,6694.56000000,6445.00000000,7250.99667635,239239.70810937,6641.00000000
ticker,44878271,BTC-USD,2018-06-15T20:31:11.201000Z,buy,6446.44000000,0.21430000,6096063710,6446.43,6448.23,6694.56000000,6445.00000000,7251.21097635,239239.92240937,6641.00000000
ticker,44878272,BTC-USD,2018-06-15T20:31:11.418000Z,buy,6448.23000000,0.20000000,6096063867,6448.22,6448.24,6694.56000000,6445.00000000,7251.41097635,239240.12240937,6641.00000000
ticker,44878274,BTC-USD,2018-06-15T20:31:11.418000Z,buy,6448.24000000,0.41110000,6096063871,6448.22,6448.24,6694.56000000,6445.00000000,7251.82207635,239240.53350937,6641.00000000
ticker,44878279,BTC-USD,2018-06-15T20:31:11.418000Z,buy,6448.25000000,0.19987613,6096063881,6448.22,6448.25,6694.56000000,6445.00000000,7252.02195248,239240.7333855,6641.00000000
ticker,44878281,BTC-USD,2018-06-15T20:31:11.621000Z,buy,6449.15000000,1.54917613,6096063944,6448.24,6449.15,6694.56000000,6445.00000000,7253.57112861,239242.28256163,6641.00000000
ticker,44878285,BTC-USD,2018-06-15T20:31:11.770000Z,buy,6450.00000000,0.13893253,6096064101,6449.99,6450,6694.56000000,6445.00000000,7253.71006114,239242.42149416,6641.00000000
ticker,44878287,BTC-USD,2018-06-15T20:31:11.770000Z,buy,6450.00000000,0.09988290,6096064105,6449.99,6450,6694.56000000,6445.00000000,7253.80994404,239242.52137706,6641.00000000
ticker,44878288,BTC-USD,2018-06-15T20:31:11.879000Z,buy,6450.00000000,0.00011710,6096064199,6449.99,6450,6694.56000000,6445.00000000,7253.81006114,239242.52149416,6641.00000000
ticker,44878289,BTC-USD,2018-06-15T20:31:11.879000Z,buy,6450.00000000,0.00142000,6096064201,6449.99,6453.56,6694.56000000,6445.00000000,7253.81148114,239242.52291416,6641.00000000
ticker,44878290,BTC-USD,2018-06-15T20:31:12.697000Z,sell,6453.55000000,0.00318320,6096064486,6453.55,6453.56,6694.56000000,6445.00000000,7253.81466434,239242.52609736,6641.00000000
ticker,44878291,BTC-USD,2018-06-15T20:31:20.050000Z,sell,6453.55000000,0.27557492,6096065312,6453.55,6453.56,6694.56000000,6445.00000000,7254.09023926,239242.80167228,6641.00000000
ticker,44878292,BTC-USD,2018-06-15T20:31:22.217000Z,sell,6453.55000000,0.14830000,6096065672,6453.55,6453.56,6694.56000000,6445.00000000,7254.23853926,239242.94997228,6641.00000000
ticker,44878293,BTC-USD,2018-06-15T20:31:25.252000Z,buy,6453.56000000,0.00209000,6096065950,6453.55,6453.56,6694.56000000,6445.00000000,7254.24062926,239242.95206228,6641.00000000
ticker,44878294,BTC-USD,2018-06-15T20:31:27.187000Z,buy,6453.56000000,0.00199000,6096066337,6453.55,6453.56,6694.56000000,6445.00000000,7254.24261926,239242.95405228,6641.00000000
ticker,44878295,BTC-USD,2018-06-15T20:31:27.187000Z,buy,6453.56000000,0.00105000,6096066339,6453.55,6456.76,6694.56000000,6445.00000000,7254.24366926,239242.95510228,6641.00000000
ticker,44878297,BTC-USD,2018-06-15T20:31:27.187000Z,buy,6456.99000000,0.19948860,6096066343,6453.55,6456.99,6694.56000000,6445.00000000,7254.44315786,239243.15459088,6641.00000000
ticker,44878298,BTC-USD,2018-06-15T20:31:30.871000Z,sell,6457.09000000,0.30000000,6096067257,6457.09,6457.1,6694.56000000,6445.00000000,7254.74315786,239243.45459088,6641.00000000
ticker,44878299,BTC-USD,2018-06-15T20:31:32.400000Z,buy,6457.10000000,0.03088101,6096067461,6457.09,6457.1,6694.56000000,6445.00000000,7254.77403887,239243.48547189,6641.00000000
ticker,44878300,BTC-USD,2018-06-15T20:31:33.799000Z,buy,6457.10000000,0.01200000,6096067682,6457.09,6457.1,6694.56000000,6445.00000000,7254.78603887,239243.49747189,6641.00000000
ticker,44878301,BTC-USD,2018-06-15T20:31:39.982000Z,buy,6457.10000000,0.95711899,6096068328,6457.09,6457.1,6694.56000000,6445.00000000,7255.74315786,239244.45459088,6641.00000000
ticker,44878302,BTC-USD,2018-06-15T20:31:39.982000Z,buy,6457.10000000,0.02500000,6096068330,6457.09,6457.1,6694.56000000,6445.00000000,7255.76815786,239244.47959088,6641.00000000
ticker,44878308,BTC-USD,2018-06-15T20:31:39.982000Z,buy,6457.33000000,0.00200000,6096068342,6457.09,6457.33,6694.56000000,6445.00000000,7255.77015786,239244.48159088,6641.00000000
ticker,44878311,BTC-USD,2018-06-15T20:31:39.982000Z,buy,6457.33000000,0.00189101,6096068348,6457.09,6457.33,6694.56000000,6445.00000000,7255.77204887,239244.48348189,6641.00000000
ticker,44878313,BTC-USD,2018-06-15T20:31:40.011000Z,buy,6457.57000000,0.21869101,6096068367,6457.32,6457.57,6694.56000000,6445.00000000,7255.99073988,239244.7021729,6641.00000000
ticker,44878316,BTC-USD,2018-06-15T20:31:40.262000Z,buy,6459.90000000,1.54692140,6096068496,6459.89,6459.9,6694.56000000,6445.00000000,7257.53766128,239246.2490943,6641.00000000
ticker,44878318,BTC-USD,2018-06-15T20:31:40.502000Z,buy,6459.90000000,1.57076140,6096068690,6461.5,6461.51,6694.56000000,6445.00000000,7259.10842268,239247.8198557,6641.00000000
ticker,44878320,BTC-USD,2018-06-15T20:31:40.737000Z,buy,6461.51000000,9.07770000,6096068841,6461.5,6462.5,6694.56000000,6445.00000000,7268.18612268,239256.8975557,6641.00000000
ticker,44878321,BTC-USD,2018-06-15T20:31:40.796000Z,buy,6462.50000000,0.00200000,6096068889,6462.49,6462.5,6694.56000000,6445.00000000,7268.18812268,239256.8995557,6641.00000000
ticker,44878325,BTC-USD,2018-06-15T20:31:41.105000Z,buy,6463.24000000,0.00307721,6096069101,6463.23,6463.24,6694.56000000,6445.00000000,7268.19119989,239256.90263291,6641.00000000
ticker,44878327,BTC-USD,2018-06-15T20:31:41.176000Z,buy,6463.24000000,0.00176206,6096069132,6463.23,6463.24,6694.56000000,6445.00000000,7268.19296195,239256.90439497,6641.00000000
ticker,44878328,BTC-USD,2018-06-15T20:31:41.345000Z,buy,6463.24000000,0.00015794,6096069175,6463.23,6464.99,6694.56000000,6445.00000000,7268.19311989,239256.90455291,6641.00000000
ticker,44878329,BTC-USD,2018-06-15T20:31:41.702000Z,buy,6464.99000000,0.00200000,6096069318,6464.98,6465.06,6694.56000000,6445.00000000,7287.54210322,239275.88172572,6647.17000000
ticker,44878330,BTC-USD,2018-06-15T20:31:41.745000Z,buy,6465.06000000,6.06000000,6096069336,6464.98,6466.95,6694.56000000,6445.00000000,7293.60210322,239281.94172572,6647.17000000
ticker,44878331,BTC-USD,2018-06-15T20:31:42.152000Z,sell,6466.00000000,0.01861000,6096069525,6466,6467.28,6694.56000000,6445.00000000,7293.62071322,239281.96033572,6647.17000000
ticker,44878332,BTC-USD,2018-06-15T20:31:42.304000Z,buy,6467.28000000,0.31300000,6096069637,6466.87,6467.28,6694.56000000,6445.00000000,7293.93371322,239282.27333572,6647.17000000
ticker,44878333,BTC-USD,2018-06-15T20:31:45.363000Z,sell,6468.74000000,0.14770000,6096070487,6469.03,6469.04,6694.56000000,6445.00000000,7294.08141322,239282.42103572,6647.17000000
ticker,44878334,BTC-USD,2018-06-15T20:31:47.905000Z,buy,6469.04000000,0.00371329,6096070997,6469.03,6469.04,6694.56000000,6445.00000000,7294.08512651,239282.42474901,6647.17000000
ticker,44878336,BTC-USD,2018-06-15T20:31:47.905000Z,buy,6469.39000000,0.05225210,6096071001,6469.03,6469.39,6694.56000000,6445.00000000,7294.13737861,239282.47700111,6647.17000000
ticker,44878337,BTC-USD,2018-06-15T20:31:48.784000Z,buy,6469.39000000,0.54344790,6096071143,6469.38,6470,6694.56000000,6445.00000000,7294.68082651,239283.02044901,6647.17000000
ticker,44878343,BTC-USD,2018-06-15T20:31:48.784000Z,buy,6473.00000000,0.26633446,6096071155,6469.38,6473,6694.56000000,6445.00000000,7294.94716097,239283.28678347,6647.17000000
ticker,44878344,BTC-USD,2018-06-15T20:31:50.580000Z,buy,6473.00000000,0.10000000,6096071688,6472.99,6473,6694.56000000,6445.00000000,7295.04716097,239283.38678347,6647.17000000
ticker,44878345,BTC-USD,2018-06-15T20:31:53.120000Z,sell,6472.99000000,0.09119246,6096072059,6472.99,6473,6694.56000000,6445.00000000,7295.13835343,239283.47797593,6647.17000000
ticker,44878346,BTC-USD,2018-06-15T20:31:57.000000Z,buy,6473.00000000,0.08840000,6096072643,6472.99,6473,6694.56000000,6445.00000000,7295.22675343,239283.56637593,6647.17000000
ticker,44878347,BTC-USD,2018-06-15T20:31:59.444000Z,buy,6473.00000000,0.09249502,6096073163,6472.99,6473,6694.56000000,6445.00000000,7295.31924845,239283.65887095,6647.17000000
ticker,44878350,BTC-USD,2018-06-15T20:32:00.243000Z,buy,6473.00000000,0.09119710,6096073425,6472.99,6473,6694.56000000,6445.00000000,7295.41044555,239283.75006805,6647.17000000
ticker,44878352,BTC-USD,2018-06-15T20:32:00.255000Z,buy,6475.00000000,0.00189710,6096073435,6474.99,6475,6694.56000000,6445.00000000,7295.41234265,239283.75196515,6647.17000000
ticker,44878353,BTC-USD,2018-06-15T20:32:00.392000Z,sell,6474.99000000,0.12000000,6096073475,6474.99,6475,6694.56000000,6445.00000000,7295.53234265,239283.87196515,6647.17000000
ticker,44878357,BTC-USD,2018-06-15T20:32:00.460000Z,buy,6476.00000000,0.00129710,6096073541,6474.99,6476,6694.56000000,6445.00000000,7295.53363975,239283.87326225,6647.17000000
ticker,44878360,BTC-USD,2018-06-15T20:32:05.076000Z,buy,6477.00000000,0.05666477,6096074860,6475.99,6477,6694.56000000,6445.00000000,7295.59030452,239283.92992702,6647.17000000
ticker,44878361,BTC-USD,2018-06-15T20:32:09.425000Z,buy,6477.00000000,0.03830000,6096076008,6476.99,6477,6694.56000000,6445.00000000,7295.62860452,239283.96822702,6647.17000000
ticker,44878362,BTC-USD,2018-06-15T20:32:20.427000Z,buy,6477.00000000,0.00503523,6096077859,6476.99,6477,6694.56000000,6445.00000000,7295.63363975,239283.97326225,6647.17000000
ticker,44878363,BTC-USD,2018-06-15T20:32:20.427000Z,buy,6477.00000000,0.00501182,6096077861,6476.99,6477,6694.56000000,6445.00000000,7295.63865157,239283.97827407,6647.17000000
ticker,44878364,BTC-USD,2018-06-15T20:32:21.432000Z,buy,6477.00000000,0.00171000,6096078109,6476.99,6479.03,6694.56000000,6445.00000000,7295.64036157,239283.97998407,6647.17000000
ticker,44878365,BTC-USD,2018-06-15T20:32:21.432000Z,buy,6479.03000000,0.09039000,6096078111,6476.99,6479.03,6694.56000000,6445.00000000,7295.73075157,239284.07037407,6647.17000000
ticker,44878366,BTC-USD,2018-06-15T20:32:33.357000Z,buy,6479.04000000,0.11410000,6096079976,6479.03,6479.04,6694.56000000,6445.00000000,7315.26881055,239303.18246165,6647.17000000
ticker,44878367,BTC-USD,2018-06-15T20:32:35.747000Z,buy,6479.04000000,0.04616466,6096080225,6479.03,6479.04,6694.56000000,6445.00000000,7315.31497521,239303.22862631,6647.17000000
ticker,44878368,BTC-USD,2018-06-15T20:32:37.522000Z,buy,6479.04000000,0.00615528,6096080371,6479.03,6479.04,6694.56000000,6445.00000000,7315.32113049,239303.23478159,6647.17000000
ticker,44878369,BTC-USD,2018-06-15T20:32:46.205000Z,buy,6479.04000000,1.18170000,6096081076,6479.03,6479.04,6694.56000000,6445.00000000,7316.50283049,239304.41648159,6647.17000000
ticker,44878370,BTC-USD,2018-06-15T20:32:49.183000Z,buy,6479.04000000,1.25188006,6096081569,6479.03,6479.04,6694.56000000,6445.00000000,7317.75471055,239305.66836165,6647.17000000
ticker,44878371,BTC-USD,2018-06-15T20:32:49.183000Z,buy,6479.04000000,0.00193000,6096081571,6479.04,6480,6694.56000000,6445.00000000,7317.75664055,239305.67029165,6647.17000000
ticker,44878374,BTC-USD,2018-06-15T20:32:58.722000Z,buy,6480.00000000,0.07389413,6096082750,6479.99,6480,6694.56000000,6445.00000000,7317.83053468,239305.74418578,6647.17000000
ticker,44878375,BTC-USD,2018-06-15T20:33:10.630000Z,sell,6479.99000000,0.12330000,6096084310,6479.99,6480,6694.56000000,6445.00000000,7317.95383468,239305.86748578,6647.17000000
ticker,44878376,BTC-USD,2018-06-15T20:33:21.123000Z,buy,6480.00000000,0.01000000,6096084890,6479.99,6480,6694.56000000,6445.00000000,7317.96383468,239305.87748578,6647.17000000
ticker,44878377,BTC-USD,2018-06-15T20:33:21.123000Z,buy,6480.00000000,0.00130000,6096084892,6479.99,6480,6694.56000000,6445.00000000,7317.96513468,239305.87878578,6647.17000000
ticker,44878378,BTC-USD,2018-06-15T20:33:32.967000Z,buy,6480.00000000,0.05000000,6096086366,6479.99,6480,6694.56000000,6445.00000000,7315.8757876,239303.26073427,6647.94000000
ticker,44878379,BTC-USD,2018-06-15T20:33:32.967000Z,buy,6480.00000000,0.00159000,6096086368,6479.99,6482.75,6694.56000000,6445.00000000,7315.8773776,239303.26232427,6647.94000000
ticker,44878380,BTC-USD,2018-06-15T20:33:32.967000Z,buy,6482.75000000,0.00700000,6096086370,6479.99,6483.1,6694.56000000,6445.00000000,7315.8843776,239303.26932427,6647.94000000
ticker,44878381,BTC-USD,2018-06-15T20:33:32.967000Z,buy,6483.10000000,0.49451000,6096086372,6479.99,6483.1,6694.56000000,6445.00000000,7316.3788876,239303.76383427,6647.94000000
ticker,44878382,BTC-USD,2018-06-15T20:33:43.707000Z,sell,6483.99000000,0.46200000,6096087928,6483.99,6484,6694.56000000,6445.00000000,7316.8408876,239304.22583427,6647.94000000
ticker,44878383,BTC-USD,2018-06-15T20:33:49.154000Z,sell,6483.99000000,0.39450000,6096088578,6483.99,6484,6694.56000000,6445.00000000,7317.2353876,239304.62033427,6647.94000000
ticker,44878384,BTC-USD,2018-06-15T20:33:55.509000Z,buy,6484.00000000,0.00200000,6096090095,6483.99,6484,6694.56000000,6445.00000000,7317.2373876,239304.62233427,6647.94000000
ticker,44878385,BTC-USD,2018-06-15T20:33:55.509000Z,buy,6484.00000000,0.00148000,6096090097,6483.99,6484.01,6694.56000000,6445.00000000,7317.2388676,239304.62381427,6647.94000000
ticker,44878387,BTC-USD,2018-06-15T20:33:55.509000Z,buy,6484.10000000,0.04051598,6096090101,6483.99,6484.1,6694.56000000,6445.00000000,7317.27938358,239304.66433025,6647.94000000
ticker,44878388,BTC-USD,2018-06-15T20:34:02.114000Z,buy,6485.00000000,0.05000000,6096093496,6484.99,6485,6694.56000000,6445.00000000,7317.32938358,239304.71433025,6647.94000000
ticker,44878389,BTC-USD,2018-06-15T20:34:02.114000Z,buy,6485.00000000,0.45000000,6096093498,6484.99,6485,6694.56000000,6445.00000000,7317.77938358,239305.16433025,6647.94000000
ticker,44878390,BTC-USD,2018-06-15T20:34:06.794000Z,sell,6484.99000000,0.08600000,6096094584,6484.99,6485,6694.56000000,6445.00000000,7317.86538358,239305.25033025,6647.94000000
ticker,44878392,BTC-USD,2018-06-15T20:34:06.794000Z,sell,6484.99000000,0.02129212,6096094588,6484.99,6485,6694.56000000,6445.00000000,7317.8866757,239305.27162237,6647.94000000
ticker,44878393,BTC-USD,2018-06-15T20:34:09.671000Z,buy,6484.52000000,0.80000000,6096094900,6484.51,6484.52,6694.56000000,6445.00000000,7318.6866757,239306.07162237,6647.94000000
ticker,44878399,BTC-USD,2018-06-15T20:34:09.672000Z,buy,6484.52000000,1.54259000,6096094912,6484.51,6484.9,6694.56000000,6445.00000000,7320.2292657,239307.61421237,6647.94000000
ticker,44878401,BTC-USD,2018-06-15T20:34:09.672000Z,buy,6484.95000000,0.46635126,6096094916,6484.51,6484.95,6694.56000000,6445.00000000,7320.69561696,239308.08056363,6647.94000000
ticker,44878405,BTC-USD,2018-06-15T20:34:18.685000Z,sell,6485.00000000,0.01000000,6096096062,6485,6485.01,6694.56000000,6445.00000000,7314.86077387,239303.78062002,6655.64000000
ticker,44878411,BTC-USD,2018-06-15T20:34:18.685000Z,sell,6483.99000000,0.62090000,6096096074,6483.99,6485.01,6694.56000000,6445.00000000,7315.48167387,239304.40152002,6655.64000000
ticker,44878412,BTC-USD,2018-06-15T20:34:19.054000Z,sell,6483.99000000,0.00143000,6096096254,6483.1,6484,6694.56000000,6445.00000000,7315.48310387,239304.40295002,6655.64000000
ticker,44878414,BTC-USD,2018-06-15T20:34:19.247000Z,sell,6483.10000000,0.00200000,6096096352,6483.1,6483.11,6694.56000000,6445.00000000,7315.48510387,239304.40495002,6655.64000000
ticker,44878416,BTC-USD,2018-06-15T20:34:19.247000Z,sell,6483.10000000,0.00200000,6096096356,6483.1,6483.11,6694.56000000,6445.00000000,7315.48710387,239304.40695002,6655.64000000
ticker,44878418,BTC-USD,2018-06-15T20:34:19.247000Z,sell,6483.10000000,0.00149000,6096096361,6481.44,6483.01,6694.56000000,6445.00000000,7315.48859387,239304.40844002,6655.64000000
ticker,44878419,BTC-USD,2018-06-15T20:34:22.300000Z,buy,6480.01000000,0.00933600,6096097156,6480,6480.01,6694.56000000,6445.00000000,7315.49792987,239304.41777602,6655.64000000
ticker,44878420,BTC-USD,2018-06-15T20:34:23.269000Z,sell,6480.00000000,0.26337710,6096097250,6480,6480.01,6694.56000000,6445.00000000,7315.76130697,239304.68115312,6655.64000000
ticker,44878421,BTC-USD,2018-06-15T20:34:23.830000Z,sell,6480.00000000,0.72572618,6096097331,6480,6480.01,6694.56000000,6445.00000000,7316.48703315,239305.4068793,6655.64000000
ticker,44878422,BTC-USD,2018-06-15T20:34:23.830000Z,sell,6480.00000000,0.20000000,6096097333,6480,6480.01,6694.56000000,6445.00000000,7316.68703315,239305.6068793,6655.64000000
ticker,44878423,BTC-USD,2018-06-15T20:34:23.830000Z,sell,6480.00000000,0.00027382,6096097335,6480,6480.01,6694.56000000,6445.00000000,7316.68730697,239305.60715312,6655.64000000
ticker,44878424,BTC-USD,2018-06-15T20:34:24.098000Z,sell,6480.00000000,0.00162618,6096097403,6479.04,6480.01,6694.56000000,6445.00000000,7316.68893315,239305.6087793,6655.64000000
ticker,44878425,BTC-USD,2018-06-15T20:34:24.098000Z,sell,6479.04000000,0.07237382,6096097405,6479.04,6480.01,6694.56000000,6445.00000000,7316.76130697,239305.68115312,6655.64000000
ticker,44878426,BTC-USD,2018-06-15T20:34:24.186000Z,sell,6479.04000000,0.00103000,6096097461,6479.04,6479.05,6694.56000000,6445.00000000,7316.76233697,239305.68218312,6655.64000000
ticker,44878427,BTC-USD,2018-06-15T20:34:24.210000Z,sell,6479.04000000,0.00268000,6096097472,6479.04,6479.05,6694.56000000,6445.00000000,7316.76501697,239305.68486312,6655.64000000
ticker,44878429,BTC-USD,2018-06-15T20:34:26.908000Z,sell,6479.04000000,0.00125000,6096097948,6478.05,6478.7,6694.56000000,6445.00000000,7316.76626697,239305.68611312,6655.64000000
ticker,44878442,BTC-USD,2018-06-15T20:34:26.955000Z,sell,6478.05000000,0.00200000,6096098013,6475.99,6477.18,6694.56000000,6445.00000000,7316.76826697,239305.68811312,6655.64000000
ticker,44878443,BTC-USD,2018-06-15T20:34:27.043000Z,sell,6475.99000000,0.00200230,6096098106,6475.4,6475.77,6694.56000000,6445.00000000,7316.77026927,239305.69011542,6655.64000000
ticker,44878445,BTC-USD,2018-06-15T20:34:27.296000Z,sell,6475.00000000,0.03000000,6096098303,6469.19,6474.35,6694.56000000,6445.00000000,7316.80026927,239305.72011542,6655.64000000
ticker,44878446,BTC-USD,2018-06-15T20:34:30.377000Z,sell,6469.19000000,0.14680000,6096099267,6469.19,6469.2,6694.56000000,6445.00000000,7316.94706927,239305.86691542,6655.64000000
ticker,44878447,BTC-USD,2018-06-15T20:34:37.151000Z,buy,6467.01000000,0.04393604,6096100045,6467,6467.01,6694.56000000,6445.00000000,7316.99100531,239305.91085146,6655.64000000
ticker,44878448,BTC-USD,2018-06-15T20:34:38.536000Z,buy,6467.01000000,0.46250538,6096100130,6467,6467.01,6694.56000000,6445.00000000,7317.45351069,239306.37335684,6655.64000000
ticker,44878449,BTC-USD,2018-06-15T20:34:41.983000Z,buy,6467.01000000,0.29355858,6096100449,6467,6467.01,6694.56000000,6445.00000000,7317.74706927,239306.66691542,6655.64000000
ticker,44878450,BTC-USD,2018-06-15T20:34:41.983000Z,buy,6467.01000000,0.22354142,6096100451,6467,6467.01,6694.56000000,6445.00000000,7317.97061069,239306.89045684,6655.64000000
ticker,44878451,BTC-USD,2018-06-15T20:34:46.071000Z,buy,6467.01000000,0.56712258,6096100753,6467,6467.01,6694.56000000,6445.00000000,7318.53773327,239307.45757942,6655.64000000
ticker,44878452,BTC-USD,2018-06-15T20:34:46.071000Z,buy,6467.01000000,0.14515584,6096100755,6467,6467.01,6694.56000000,6445.00000000,7318.68288911,239307.60273526,6655.64000000
ticker,44878461,BTC-USD,2018-06-15T20:34:46.780000Z,buy,6467.01000000,0.99617760,6096100982,6467.69,6469.19,6694.56000000,6445.00000000,7319.67906671,239308.59891286,6655.64000000
ticker,44878465,BTC-USD,2018-06-15T20:34:46.998000Z,buy,6470.10000000,0.72981000,6096101095,6469.54,6469.71,6694.56000000,6445.00000000,7320.40887671,239309.32872286,6655.64000000
ticker,44878466,BTC-USD,2018-06-15T20:34:47.388000Z,buy,6471.81000000,0.03200000,6096101518,6471.75,6474,6694.56000000,6445.00000000,7320.44087671,239309.36072286,6655.64000000
ticker,44878467,BTC-USD,2018-06-15T20:34:51.844000Z,buy,6474.34000000,0.80744939,6096102804,6474.33,6474.34,6694.56000000,6445.00000000,7321.2483261,239310.16817225,6655.64000000
ticker,44878468,BTC-USD,2018-06-15T20:34:51.844000Z,buy,6474.34000000,0.00055061,6096102806,6474.33,6474.34,6694.56000000,6445.00000000,7321.24887671,239310.16872286,6655.64000000
ticker,44878469,BTC-USD,2018-06-15T20:34:52.225000Z,buy,6474.34000000,0.00089939,6096102917,6474.33,6475.2,6694.56000000,6445.00000000,7321.2497761,239310.16962225,6655.64000000
ticker,44878470,BTC-USD,2018-06-15T20:34:52.447000Z,buy,6475.20000000,0.19200000,6096103005,6475.19,6475.2,6694.56000000,6445.00000000,7321.4417761,239310.36162225,6655.64000000
ticker,44878471,BTC-USD,2018-06-15T20:34:53.123000Z,buy,6480.00000000,0.12730000,6096103304,6479.99,6480,6694.56000000,6445.00000000,7321.5690761,239310.48892225,6655.64000000
ticker,44878472,BTC-USD,2018-06-15T20:34:54.356000Z,sell,6479.99000000,0.00500000,6096103506,6479.99,6480,6694.56000000,6445.00000000,7321.5740761,239310.49392225,6655.64000000
ticker,44878474,BTC-USD,2018-06-15T20:35:08.937000Z,sell,6479.99000000,0.00350085,6096106212,6479.99,6480,6694.56000000,6445.00000000,7335.7193249,239326.74856109,6655.64000000
ticker,44878475,BTC-USD,2018-06-15T20:35:08.937000Z,sell,6479.99000000,0.00115000,6096106214,6477.64,6479.59,6694.56000000,6445.00000000,7335.7204749,239326.74971109,6655.64000000
ticker,44878476,BTC-USD,2018-06-15T20:35:14.330000Z,buy,6475.26000000,0.00500000,6096107525,6475.25,6475.26,6694.56000000,6445.00000000,7335.7254749,239326.75471109,6655.64000000
ticker,44878477,BTC-USD,2018-06-15T20:35:14.330000Z,buy,6475.26000000,0.14700000,6096107527,6475.25,6475.26,6694.56000000,6445.00000000,7335.8724749,239326.90171109,6655.64000000
ticker,44878478,BTC-USD,2018-06-15T20:35:26.224000Z,sell,6475.25000000,0.08690000,6096108120,6475.25,6475.26,6694.56000000,6445.00000000,7335.9593749,239326.98861109,6655.64000000
ticker,44878480,BTC-USD,2018-06-15T20:35:31.770000Z,buy,6475.26000000,0.66735377,6096108551,6475.25,6475.26,6694.56000000,6445.00000000,7336.62672867,239327.65596486,6655.64000000
ticker,44878481,BTC-USD,2018-06-15T20:35:32.255000Z,buy,6475.26000000,0.00307944,6096108594,6475.25,6475.26,6694.56000000,6445.00000000,7336.62980811,239327.6590443,6655.64000000
ticker,44878482,BTC-USD,2018-06-15T20:35:36.941000Z,sell,6475.25000000,0.49910000,6096109551,6475.25,6475.26,6694.56000000,6445.00000000,7337.12890811,239328.1581443,6655.64000000
ticker,44878483,BTC-USD,2018-06-15T20:35:48.391000Z,buy,6475.26000000,0.19790000,6096111900,6475.25,6475.26,6694.56000000,6445.00000000,7337.32680811,239328.3560443,6655.64000000
ticker,44878484,BTC-USD,2018-06-15T20:35:53.435000Z,buy,6475.26000000,0.04619161,6096112598,6475.25,6475.26,6694.56000000,6445.00000000,7331.20598005,239328.3447167,6655.64000000
ticker,44878485,BTC-USD,2018-06-15T20:35:54.496000Z,buy,6475.26000000,0.01465085,6096112752,6475.25,6475.26,6694.56000000,6445.00000000,7331.2206309,239328.35936755,6655.64000000
ticker,44878486,BTC-USD,2018-06-15T20:35:59.564000Z,buy,6475.26000000,0.18534915,6096113175,6475.25,6475.26,6694.56000000,6445.00000000,7331.40598005,239328.5447167,6655.64000000
ticker,44878488,BTC-USD,2018-06-15T20:35:59.564000Z,buy,6475.26000000,0.00700000,6096113179,6475.25,6478.1,6694.56000000,6445.00000000,7331.41298005,239328.5517167,6655.64000000
ticker,44878489,BTC-USD,2018-06-15T20:35:59.564000Z,buy,6478.10000000,1.19415085,6096113181,6475.25,6478.1,6694.56000000,6445.00000000,7332.6071309,239329.74586755,6655.64000000
ticker,44878490,BTC-USD,2018-06-15T20:36:12.096000Z,buy,6479.62000000,0.00200000,6096114267,6479.61,6479.62,6694.56000000,6445.00000000,7332.6091309,239329.74786755,6655.64000000
ticker,44878491,BTC-USD,2018-06-15T20:36:12.096000Z,buy,6479.62000000,0.00200000,6096114269,6479.61,6479.62,6694.56000000,6445.00000000,7332.6111309,239329.74986755,6655.64000000
ticker,44878497,BTC-USD,2018-06-15T20:36:12.096000Z,buy,6479.62000000,0.00200000,6096114281,6479.61,6479.62,6694.56000000,6445.00000000,7332.6131309,239329.75186755,6655.64000000
ticker,44878514,BTC-USD,2018-06-15T20:36:12.096000Z,buy,6479.62000000,0.08880000,6096114315,6479.61,6479.62,6694.56000000,6445.00000000,7332.7019309,239329.84066755,6655.64000000
ticker,44878515,BTC-USD,2018-06-15T20:36:19.581000Z,sell,6479.61000000,0.00198229,6096115106,6479.61,6479.62,6694.56000000,6445.00000000,7332.70391319,239329.84264984,6655.64000000
ticker,44878516,BTC-USD,2018-06-15T20:36:24.041000Z,buy,6479.62000000,0.03700000,6096115500,6479.61,6479.62,6694.56000000,6445.00000000,7332.74091319,239329.87964984,6655.64000000
ticker,44878518,BTC-USD,2018-06-15T20:36:25.385000Z,sell,6479.61000000,0.00178000,6096115593,6478.11,6479.54,6694.56000000,6445.00000000,7332.74269319,239329.88142984,6655.64000000
ticker,44878519,BTC-USD,2018-06-15T20:36:25.876000Z,sell,6478.11000000,0.00100000,6096115787,6478.11,6478.12,6694.56000000,6445.00000000,7332.74369319,239329.88242984,6655.64000000
ticker,44878520,BTC-USD,2018-06-15T20:36:25.876000Z,sell,6478.11000000,0.00114000,6096115790,6475.25,6475.26,6694.56000000,6445.00000000,7332.74483319,239329.88356984,6655.64000000
ticker,44878521,BTC-USD,2018-06-15T20:36:35.562000Z,buy,6475.26000000,0.09760000,6096116796,6475.25,6475.26,6694.56000000,6445.00000000,7332.84243319,239329.98116984,6655.64000000
ticker,44878522,BTC-USD,2018-06-15T20:36:48.194000Z,buy,6475.26000000,0.20740000,6096117857,6475.25,6475.26,6694.56000000,6445.00000000,7322.63776977,239328.82636984,6656.18000000
ticker,44878523,BTC-USD,2018-06-15T20:37:00.183000Z,buy,6475.26000000,0.42960000,6096119611,6475.25,6475.26,6694.56000000,6445.00000000,7323.06736977,239329.25596984,6656.18000000
ticker,44878524,BTC-USD,2018-06-15T20:37:11.961000Z,sell,6475.25000000,0.01012481,6096121093,6475.25,6475.26,6694.56000000,6445.00000000,7323.07749458,239329.26609465,6656.18000000
ticker,44878528,BTC-USD,2018-06-15T20:37:11.961000Z,sell,6475.25000000,0.03090000,6096121102,6475.25,6475.26,6694.56000000,6445.00000000,7323.10839458,239329.29699465,6656.18000000
ticker,44878529,BTC-USD,2018-06-15T20:37:11.961000Z,sell,6475.25000000,0.04426757,6096121104,6475.25,6475.26,6694.56000000,6445.00000000,7323.15266215,239329.34126222,6656.18000000
ticker,44878530,BTC-USD,2018-06-15T20:37:17.408000Z,sell,6475.25000000,0.00600000,6096121339,6475.25,6475.26,6694.56000000,6445.00000000,7323.15866215,239329.34726222,6656.18000000
ticker,44878531,BTC-USD,2018-06-15T20:37:24.595000Z,buy,6475.26000000,0.00508793,6096121769,6475.25,6475.26,6694.56000000,6445.00000000,7323.16375008,239329.35235015,6656.18000000
ticker,44878532,BTC-USD,2018-06-15T20:37:24.595000Z,buy,6475.26000000,0.23361207,6096121771,6475.25,6475.26,6694.56000000,6445.00000000,7323.39736215,239329.58596222,6656.18000000
ticker,44878533,BTC-USD,2018-06-15T20:37:29.717000Z,sell,6475.25000000,0.25860129,6096122043,6475.25,6475.26,6694.56000000,6445.00000000,7323.65596344,239329.84456351,6656.18000000
ticker,44878534,BTC-USD,2018-06-15T20:37:29.717000Z,sell,6475.25000000,0.05000000,6096122045,6475.25,6475.26,6694.56000000,6445.00000000,7323.70596344,239329.89456351,6656.18000000
ticker,44878537,BTC-USD,2018-06-15T20:37:29.717000Z,sell,6475.25000000,3.25079919,6096122051,6475.25,6475.26,6694.56000000,6445.00000000,7326.95676263,239333.1453627,6656.18000000
ticker,44878538,BTC-USD,2018-06-15T20:37:29.768000Z,sell,6475.25000000,1.00000000,6096122079,6475.25,6475.26,6694.56000000,6445.00000000,7327.95676263,239334.1453627,6656.18000000
ticker,44878539,BTC-USD,2018-06-15T20:37:29.772000Z,sell,6475.25000000,1.00000000,6096122082,6475.25,6475.26,6694.56000000,6445.00000000,7328.95676263,239335.1453627,6656.18000000
ticker,44878540,BTC-USD,2018-06-15T20:37:29.778000Z,sell,6475.25000000,0.15285317,6096122088,6475.25,6475.26,6694.56000000,6445.00000000,7329.1096158,239335.29821587,6656.18000000
ticker,44878542,BTC-USD,2018-06-15T20:37:29.778000Z,sell,6475.25000000,0.00350086,6096122093,6475,6475.21,6694.56000000,6445.00000000,7329.11311666,239335.30171673,6656.18000000
ticker,44878543,BTC-USD,2018-06-15T20:37:29.790000Z,sell,6475.00000000,0.04448864,6096122105,6471.99,6474.78,6694.56000000,6445.00000000,7329.1576053,239335.34620537,6656.18000000
ticker,44878545,BTC-USD,2018-06-15T20:37:29.881000Z,sell,6471.99000000,0.00193000,6096122202,6468.52,6468.53,6694.56000000,6445.00000000,7329.1595353,239335.34813537,6656.18000000
ticker,44878546,BTC-USD,2018-06-15T20:37:37.307000Z,buy,6468.53000000,0.10120000,6096123601,6468.52,6468.53,6694.56000000,6445.00000000,7321.960873,239328.49041687,6655.01000000
ticker,44878548,BTC-USD,2018-06-15T20:37:46.636000Z,buy,6468.53000000,0.00148000,6096124849,6468.52,6468.53,6694.56000000,6445.00000000,7321.962353,239328.49189687,6655.01000000
ticker,44878549,BTC-USD,2018-06-15T20:37:46.636000Z,buy,6468.53000000,0.00350086,6096124851,6469.41,6470,6694.56000000,6445.00000000,7321.96585386,239328.49539773,6655.01000000
ticker,44878550,BTC-USD,2018-06-15T20:37:46.748000Z,buy,6470.00000000,0.75366317,6096124919,6469.99,6470,6694.56000000,6445.00000000,7322.71951703,239329.2490609,6655.01000000
ticker,44878551,BTC-USD,2018-06-15T20:37:49.985000Z,buy,6470.00000000,0.98810000,6096125397,6469.99,6472.88,6694.56000000,6445.00000000,7323.70761703,239330.2371609,6655.01000000
ticker,44878552,BTC-USD,2018-06-15T20:37:50.265000Z,buy,6472.88000000,0.33660000,6096125524,6472.87,6472.88,6694.56000000,6445.00000000,7324.04421703,239330.5737609,6655.01000000
ticker,44878553,BTC-USD,2018-06-15T20:37:55.603000Z,sell,6475.24000000,0.11000000,6096126715,6475.24,6475.25,6694.56000000,6445.00000000,7324.15421703,239330.6837609,6655.01000000
ticker,44878554,BTC-USD,2018-06-15T20:37:55.888000Z,sell,6475.24000000,0.01044000,6096126757,6475.24,6475.25,6694.56000000,6445.00000000,7324.16465703,239330.6942009,6655.01000000
ticker,44878555,BTC-USD,2018-06-15T20:38:03.167000Z,buy,6475.25000000,0.00200000,6096127408,6475.24,6475.25,6694.56000000,6445.00000000,7324.16665703,239330.6962009,6655.01000000
ticker,44878556,BTC-USD,2018-06-15T20:38:03.167000Z,buy,6475.25000000,0.00200000,6096127410,6475.24,6475.25,6694.56000000,6445.00000000,7324.16865703,239330.6982009,6655.01000000
ticker,44878563,BTC-USD,2018-06-15T20:38:03.167000Z,buy,6476.00000000,0.02000000,6096127424,6475.24,6478.25,6694.56000000,6445.00000000,7324.18865703,239330.7182009,6655.01000000
ticker,44878564,BTC-USD,2018-06-15T20:38:03.167000Z,buy,6478.25000000,0.05709000,6096127426,6478.24,6478.25,6694.56000000,6445.00000000,7324.24574703,239330.7752909,6655.01000000
ticker,44878565,BTC-USD,2018-06-15T20:38:14.684000Z,buy,6480.00000000,0.64180000,6096129005,6479.99,6480,6694.56000000,6445.00000000,7324.88754703,239331.4170909,6655.01000000
ticker,44878566,BTC-USD,2018-06-15T20:38:14.684000Z,sell,6479.99000000,0.00600000,6096129008,6479.99,6480,6694.56000000,6445.00000000,7324.89354703,239331.4230909,6655.01000000
ticker,44878567,BTC-USD,2018-06-15T20:38:27.011000Z,buy,6480.00000000,0.12710000,6096130248,6479.99,6480,6694.56000000,6445.00000000,7327.41362517,239335.9325918,6655.01000000
ticker,44878568,BTC-USD,2018-06-15T20:38:37.698000Z,buy,6480.00000000,0.02745311,6096131511,6479.99,6480,6694.56000000,6445.00000000,7327.44107828,239335.96004491,6655.01000000
ticker,44878569,BTC-USD,2018-06-15T20:38:37.698000Z,buy,6480.00000000,0.04614689,6096131513,6479.99,6480,6694.56000000,6445.00000000,7327.48722517,239336.0061918,6655.01000000
ticker,44878570,BTC-USD,2018-06-15T20:38:47.559000Z,buy,6480.00000000,0.01000000,6096132433,6479.99,6480,6694.56000000,6445.00000000,7327.49722517,239336.0161918,6655.01000000
ticker,44878571,BTC-USD,2018-06-15T20:38:47.559000Z,buy,6480.00000000,0.00160000,6096132435,6479.99,6480,6694.56000000,6445.00000000,7327.49882517,239336.0177918,6655.01000000
ticker,44878573,BTC-USD,2018-06-15T20:38:47.658000Z,buy,6482.17000000,0.00700000,6096132466,6479.99,6483,6694.56000000,6445.00000000,7327.50582517,239336.0247918,6655.01000000
ticker,44878575,BTC-USD,2018-06-15T20:38:47.658000Z,buy,6483.00000000,0.03558000,6096132470,6482.99,6483,6694.56000000,6445.00000000,7327.54140517,239336.0603718,6655.01000000
ticker,44878578,BTC-USD,2018-06-15T20:38:47.935000Z,buy,6483.00000000,0.00162159,6096132589,6482.99,6483,6694.56000000,6445.00000000,7327.54302676,239336.06199339,6655.01000000
ticker,44878580,BTC-USD,2018-06-15T20:38:47.986000Z,buy,6483.00000000,0.00700000,6096132645,6482.99,6485.91,6694.56000000,6445.00000000,7327.55002676,239336.06899339,6655.01000000
ticker,44878581,BTC-USD,2018-06-15T20:38:48.086000Z,buy,6485.91000000,0.58400000,6096132738,6485.9,6485.91,6694.56000000,6445.00000000,7328.13402676,239336.65299339,6655.01000000
ticker,44878583,BTC-USD,2018-06-15T20:38:48.094000Z,buy,6486.57000000,0.00365847,6096132754,6486.56,6486.57,6694.56000000,6445.00000000,7328.13768523,239336.65665186,6655.01000000
ticker,44878584,BTC-USD,2018-06-15T20:38:48.155000Z,buy,6486.57000000,0.00004370,6096132820,6486.56,6487.5,6694.56000000,6445.00000000,7328.13772893,239336.65669556,6655.01000000
ticker,44878585,BTC-USD,2018-06-15T20:38:48.155000Z,buy,6487.50000000,0.00225630,6096132822,6486.56,6487.5,6694.56000000,6445.00000000,7328.13998523,239336.65895186,6655.01000000
ticker,44878587,BTC-USD,2018-06-15T20:38:48.291000Z,buy,6487.50000000,0.00175630,6096132952,6487.49,6487.5,6694.56000000,6445.00000000,7328.14174153,239336.66070816,6655.01000000
ticker,44878590,BTC-USD,2018-06-15T20:38:48.318000Z,buy,6488.98000000,0.07695630,6096132981,6487.49,6488.98,6694.56000000,6445.00000000,7328.21869783,239336.73766446,6655.01000000
ticker,44878595,BTC-USD,2018-06-15T20:38:48.465000Z,buy,6489.00000000,0.92155968,6096133120,6488.98,6489,6694.56000000,6445.00000000,7329.14025751,239337.65922414,6655.01000000
ticker,44878596,BTC-USD,2018-06-15T20:38:49.359000Z,buy,6489.00000000,2.07844032,6096133405,6488.99,6489,6694.56000000,6445.00000000,7331.21869783,239339.73766446,6655.01000000
ticker,44878597,BTC-USD,2018-06-15T20:38:49.359000Z,buy,6489.00000000,0.00161000,6096133407,6488.99,6489,6694.56000000,6445.00000000,7331.22030783,239339.73927446,6655.01000000
ticker,44878598,BTC-USD,2018-06-15T20:38:49.359000Z,buy,6489.00000000,0.00699968,6096133409,6488.99,6489,6694.56000000,6445.00000000,7331.22730751,239339.74627414,6655.01000000
ticker,44878599,BTC-USD,2018-06-15T20:38:49.519000Z,buy,6491.00000000,0.00200000,6096133551,6490.99,6491,6694.56000000,6445.00000000,7331.22930751,239339.74827414,6655.01000000
ticker,44878601,BTC-USD,2018-06-15T20:38:49.592000Z,buy,6491.00000000,0.49800000,6096133578,6490.99,6491.24,6694.56000000,6445.00000000,7331.72730751,239340.24627414,6655.01000000
ticker,44878602,BTC-USD,2018-06-15T20:38:49.772000Z,buy,6491.24000000,0.02500000,6096133614,6490.99,6491.25,6694.56000000,6445.00000000,7331.75230751,239340.27127414,6655.01000000
ticker,44878603,BTC-USD,2018-06-15T20:38:49.772000Z,buy,6491.25000000,0.01370000,6096133616,6490.99,6491.25,6694.56000000,6445.00000000,7331.76600751,239340.28497414,6655.01000000
ticker,44878604,BTC-USD,2018-06-15T20:38:49.777000Z,buy,6491.25000000,0.04448864,6096133629,6491.23,6491.25,6694.56000000,6445.00000000,7331.81049615,239340.32946278,6655.01000000
ticker,44878606,BTC-USD,2018-06-15T20:38:49.783000Z,buy,6492.00000000,0.00369847,6096133648,6492.77,6492.96,6694.56000000,6445.00000000,7331.81419462,239340.33316125,6655.01000000
ticker,44878608,BTC-USD,2018-06-15T20:38:49.855000Z,buy,6493.00000000,0.56900000,6096133728,6493.47,6493.77,6694.56000000,6445.00000000,7332.38319462,239340.90216125,6655.01000000
ticker,44878610,BTC-USD,2018-06-15T20:38:49.986000Z,buy,6493.78000000,0.13049017,6096133875,6493.77,6493.78,6694.56000000,6445.00000000,7332.51368479,239341.03265142,6655.01000000
ticker,44878611,BTC-USD,2018-06-15T20:38:50.517000Z,buy,6493.78000000,0.46950000,6096134161,6493.77,6493.78,6694.56000000,6445.00000000,7332.98318479,239341.50215142,6655.01000000
ticker,44878614,BTC-USD,2018-06-15T20:38:51.305000Z,buy,6495.14000000,0.00174338,6096134373,6495.13,6495.14,6694.56000000,6445.00000000,7332.98492817,239341.5038948,6655.01000000
ticker,44878615,BTC-USD,2018-06-15T20:38:51.664000Z,buy,6495.14000000,0.00000662,6096134440,6495.13,6495.14,6694.56000000,6445.00000000,7332.98493479,239341.50390142,6655.01000000
ticker,44878617,BTC-USD,2018-06-15T20:38:51.664000Z,buy,6495.14000000,0.04392338,6096134444,6495.13,6495.14,6694.56000000,6445.00000000,7333.02885817,239341.5478248,6655.01000000
ticker,44878619,BTC-USD,2018-06-15T20:38:51.688000Z,buy,6495.14000000,0.00190000,6096134472,6495.13,6495.37,6694.56000000,6445.00000000,7333.03075817,239341.5497248,6655.01000000
ticker,44878620,BTC-USD,2018-06-15T20:38:52.139000Z,buy,6497.75000000,0.07700000,6096134686,6497.74,6497.75,6694.56000000,6445.00000000,7333.10775817,239341.6267248,6655.01000000
ticker,44878621,BTC-USD,2018-06-15T20:38:52.160000Z,buy,6497.75000000,0.92300000,6096134700,6497.74,6497.75,6694.56000000,6445.00000000,7334.03075817,239342.5497248,6655.01000000
ticker,44878622,BTC-USD,2018-06-15T20:38:52.176000Z,buy,6497.75000000,0.00700000,6096134708,6497.74,6497.76,6694.56000000,6445.00000000,7334.03775817,239342.5567248,6655.01000000
ticker,44878623,BTC-USD,2018-06-15T20:38:52.861000Z,buy,6498.00000000,0.64900000,6096134975,6497.99,6499,6694.56000000,6445.00000000,7334.68675817,239343.2057248,6655.01000000
ticker,44878626,BTC-USD,2018-06-15T20:38:53.235000Z,buy,6499.00000000,0.00199523,6096135150,6498.99,6499,6694.56000000,6445.00000000,7334.6887534,239343.20772003,6655.01000000
ticker,44878628,BTC-USD,2018-06-15T20:38:53.266000Z,buy,6499.00000000,0.00191000,6096135174,6498.99,6499.35,6694.56000000,6445.00000000,7334.6906634,239343.20963003,6655.01000000
ticker,44878629,BTC-USD,2018-06-15T20:38:53.619000Z,buy,6499.35000000,0.60000000,6096135345,6499.34,6499.94,6694.56000000,6445.00000000,7335.2906634,239343.80963003,6655.01000000
ticker,44878630,BTC-USD,2018-06-15T20:38:54.157000Z,buy,6499.95000000,0.00610000,6096135688,6499.94,6499.95,6694.56000000,6445.00000000,7335.2967634,239343.81573003,6655.01000000
ticker,44878632,BTC-USD,2018-06-15T20:38:54.180000Z,buy,6499.95000000,0.00610000,6096135704,6499.94,6499.95,6694.56000000,6445.00000000,7335.3028634,239343.82183003,6655.01000000
ticker,44878635,BTC-USD,2018-06-15T20:38:54.553000Z,buy,6499.95000000,0.50000000,6096135855,6499.98,6499.99,6694.56000000,6445.00000000,7335.8028634,239344.32183003,6655.01000000
ticker,44878636,BTC-USD,2018-06-15T20:39:02.594000Z,sell,6499.99000000,0.35530000,6096137140,6499.99,6500,6694.56000000,6445.00000000,7336.1581634,239344.67713003,6655.01000000
ticker,44878639,BTC-USD,2018-06-15T20:39:08.683000Z,buy,6500.00000000,0.00600000,6096138375,6499.99,6500,6694.56000000,6445.00000000,7336.1641634,239344.68313003,6655.01000000
ticker,44878645,BTC-USD,2018-06-15T20:39:08.683000Z,buy,6501.37000000,0.04850000,6096138388,6499.99,6503.88,6694.56000000,6445.00000000,7336.2126634,239344.73163003,6655.01000000
ticker,44878646,BTC-USD,2018-06-15T20:39:08.683000Z,buy,6503.88000000,0.38926417,6096138390,6503.87,6503.88,6694.56000000,6445.00000000,7336.60192757,239345.1208942,6655.01000000
ticker,44878647,BTC-USD,2018-06-15T20:39:08.995000Z,buy,6503.88000000,0.01943583,6096138591,6503.87,6503.88,6694.56000000,6445.00000000,7336.6213634,239345.14033003,6655.01000000
ticker,44878648,BTC-USD,2018-06-15T20:39:08.995000Z,buy,6503.88000000,0.11317640,6096138593,6503.87,6503.88,6694.56000000,6445.00000000,7336.7345398,239345.25350643,6655.01000000
ticker,44878649,BTC-USD,2018-06-15T20:39:09.714000Z,buy,6503.88000000,0.50574611,6096138742,6503.87,6503.88,6694.56000000,6445.00000000,7337.24028591,239345.75925254,6655.01000000
ticker,44878650,BTC-USD,2018-06-15T20:39:15.230000Z,buy,6503.88000000,0.14330000,6096139172,6503.87,6503.88,6694.56000000,6445.00000000,7336.10146401,239347.94780024,6655.01000000
ticker,44878651,BTC-USD,2018-06-15T20:39:27.073000Z,buy,6503.88000000,0.03550000,6096141594,6503.87,6503.88,6694.56000000,6445.00000000,7336.13696401,239347.98330024,6655.01000000
ticker,44878653,BTC-USD,2018-06-15T20:39:28.928000Z,buy,6503.88000000,0.00195000,6096142175,6503.88,6503.89,6694.56000000,6445.00000000,7336.13891401,239347.98525024,6655.01000000
ticker,44878654,BTC-USD,2018-06-15T20:39:29.266000Z,buy,6503.89000000,0.00369293,6096142329,6503.88,6503.89,6694.56000000,6445.00000000,7336.14260694,239347.98894317,6655.01000000
ticker,44878655,BTC-USD,2018-06-15T20:39:29.266000Z,buy,6503.89000000,0.02999707,6096142331,6503.88,6503.89,6694.56000000,6445.00000000,7336.17260401,239348.01894024,6655.01000000
ticker,44878657,BTC-USD,2018-06-15T20:39:29.310000Z,buy,6503.89000000,0.00200000,6096142346,6503.88,6505.55,6694.56000000,6445.00000000,7336.17460401,239348.02094024,6655.01000000
ticker,44878659,BTC-USD,2018-06-15T20:39:29.454000Z,buy,6505.55000000,0.00368482,6096142485,6505.54,6505.55,6694.56000000,6445.00000000,7336.17828883,239348.02462506,6655.01000000
ticker,44878660,BTC-USD,2018-06-15T20:39:29.477000Z,buy,6505.55000000,0.00000626,6096142497,6506.96,6506.97,6694.56000000,6445.00000000,7336.17829509,239348.02463132,6655.01000000
ticker,44878661,BTC-USD,2018-06-15T20:39:29.736000Z,buy,6506.97000000,0.04100000,6096142735,6506.96,6506.97,6694.56000000,6445.00000000,7336.21929509,239348.06563132,6655.01000000
ticker,44878662,BTC-USD,2018-06-15T20:39:30.183000Z,buy,6506.97000000,0.00116000,6096142933,6506.96,6507.35,6694.56000000,6445.00000000,7336.22045509,239348.06679132,6655.01000000
ticker,44878664,BTC-USD,2018-06-15T20:39:30.666000Z,buy,6507.35000000,0.00111000,6096143233,6509.99,6510,6694.56000000,6445.00000000,7336.22156509,239348.06790132,6655.01000000
ticker,44878665,BTC-USD,2018-06-15T20:39:31.747000Z,buy,6510.00000000,0.00100000,6096143807,6509.99,6510,6694.56000000,6445.00000000,7336.22256509,239348.06890132,6655.01000000
ticker,44878667,BTC-USD,2018-06-15T20:39:31.747000Z,buy,6510.00000000,0.00192076,6096143811,6509.99,6510,6694.56000000,6445.00000000,7336.22448585,239348.07082208,6655.01000000
ticker,44878669,BTC-USD,2018-06-15T20:39:32.343000Z,buy,6510.33000000,0.08559076,6096144043,6509.99,6510.33,6694.56000000,6445.00000000,7336.31007661,239348.15641284,6655.01000000
ticker,44878670,BTC-USD,2018-06-15T20:39:32.378000Z,buy,6510.33000000,0.00000924,6096144074,6510.32,6511.87,6694.56000000,6445.00000000,7336.31008585,239348.15642208,6655.01000000
ticker,44878671,BTC-USD,2018-06-15T20:39:35.504000Z,buy,6512.50000000,0.00230000,6096144892,6512.49,6512.5,6694.56000000,6445.00000000,7336.31238585,239348.15872208,6655.01000000
ticker,44878673,BTC-USD,2018-06-15T20:39:35.504000Z,buy,6512.50000000,0.00102261,6096144896,6512.49,6512.5,6694.56000000,6445.00000000,7336.31340846,239348.15974469,6655.01000000
ticker,44878675,BTC-USD,2018-06-15T20:39:36.241000Z,buy,6513.73000000,0.00200000,6096145191,6512.49,6514.79,6694.56000000,6445.00000000,7336.31540846,239348.16174469,6655.01000000
ticker,44878679,BTC-USD,2018-06-15T20:39:36.241000Z,buy,6515.43000000,0.01591316,6096145199,6512.49,6515.43,6694.56000000,6445.00000000,7336.33132162,239348.17765785,6655.01000000
ticker,44878681,BTC-USD,2018-06-15T20:39:36.577000Z,buy,6515.43000000,0.00170000,6096145492,6515.42,6516.41,6694.56000000,6445.00000000,7336.33302162,239348.17935785,6655.01000000
ticker,44878684,BTC-USD,2018-06-15T20:39:37.027000Z,buy,6516.41000000,0.00700000,6096145765,6516.86,6516.87,6694.56000000,6445.00000000,7336.34002162,239348.18635785,6655.01000000
ticker,44878685,BTC-USD,2018-06-15T20:39:37.456000Z,buy,6516.87000000,0.14480000,6096145901,6516.86,6516.87,6694.56000000,6445.00000000,7336.48482162,239348.33115785,6655.01000000
ticker,44878686,BTC-USD,2018-06-15T20:39:37.518000Z,buy,6516.87000000,0.14480000,6096145933,6516.86,6516.87,6694.56000000,6445.00000000,7336.62962162,239348.47595785,6655.01000000
ticker,44878687,BTC-USD,2018-06-15T20:39:37.521000Z,buy,6516.87000000,0.35520000,6096145938,6516.86,6518.45,6694.56000000,6445.00000000,7336.98482162,239348.83115785,6655.01000000
ticker,44878688,BTC-USD,2018-06-15T20:39:38.473000Z,buy,6518.45000000,0.60000000,6096146343,6518.44,6518.45,6694.56000000,6445.00000000,7337.58482162,239349.43115785,6655.01000000
ticker,44878689,BTC-USD,2018-06-15T20:39:38.473000Z,buy,6518.45000000,0.25000000,6096146345,6518.44,6518.45,6694.56000000,6445.00000000,7337.83482162,239349.68115785,6655.01000000
ticker,44878690,BTC-USD,2018-06-15T20:39:38.484000Z,buy,6518.45000000,0.00700000,6096146349,6518.44,6518.51,6694.56000000,6445.00000000,7337.84182162,239349.68815785,6655.01000000
ticker,44878694,BTC-USD,2018-06-15T20:39:38.484000Z,buy,6519.73000000,0.00100000,6096146357,6518.44,6520,6694.56000000,6445.00000000,7337.84282162,239349.68915785,6655.01000000
ticker,44878695,BTC-USD,2018-06-15T20:39:38.484000Z,buy,6520.00000000,0.00041629,6096146359,6518.44,6520,6694.56000000,6445.00000000,7337.84323791,239349.68957414,6655.01000000
ticker,44878696,BTC-USD,2018-06-15T20:39:39.692000Z,buy,6520.00000000,0.00058371,6096146870,6519.99,6520,6694.56000000,6445.00000000,7337.84382162,239349.69015785,6655.01000000
ticker,44878698,BTC-USD,2018-06-15T20:39:39.692000Z,buy,6520.00000000,0.00699629,6096146874,6519.99,6520,6694.56000000,6445.00000000,7337.85081791,239349.69715414,6655.01000000
ticker,44878699,BTC-USD,2018-06-15T20:39:40.212000Z,sell,6522.89000000,1.00000000,6096147232,6522.89,6522.9,6694.56000000,6445.00000000,7338.85081791,239350.69715414,6655.01000000
ticker,44878700,BTC-USD,2018-06-15T20:39:40.223000Z,sell,6522.89000000,1.00000000,6096147239,6522.89,6522.9,6694.56000000,6445.00000000,7339.85081791,239351.69715414,6655.01000000
ticker,44878704,BTC-USD,2018-06-15T20:39:40.489000Z,sell,6522.89000000,0.70000000,6096147356,6522.89,6522.9,6694.56000000,6445.00000000,7340.55081791,239352.39715414,6655.01000000
ticker,44878705,BTC-USD,2018-06-15T20:39:48.103000Z,buy,6522.90000000,0.00700000,6096149772,6522.89,6522.9,6694.56000000,6445.00000000,7340.55781791,239352.40415414,6655.01000000
ticker,44878711,BTC-USD,2018-06-15T20:39:48.103000Z,buy,6525.00000000,0.10038917,6096149784,6522.89,6525,6694.56000000,6445.00000000,7340.65820708,239352.50454331,6655.01000000
ticker,44878712,BTC-USD,2018-06-15T20:39:48.103000Z,buy,6525.00000000,0.25703316,6096149786,6523.42,6525,6694.56000000,6445.00000000,7340.91524024,239352.76157647,6655.01000000
ticker,44878713,BTC-USD,2018-06-15T20:39:50.434000Z,buy,6525.00000000,0.01170000,6096150561,6524.99,6525,6694.56000000,6445.00000000,7340.92694024,239352.77327647,6655.01000000
ticker,44878714,BTC-USD,2018-06-15T20:39:51.824000Z,sell,6524.99000000,0.67956000,6096150707,6524.99,6525,6694.56000000,6445.00000000,7341.60650024,239353.45283647,6655.01000000
ticker,44878716,BTC-USD,2018-06-15T20:39:51.824000Z,sell,6524.99000000,2.39814000,6096150711,6524.99,6525,6694.56000000,6445.00000000,7344.00464024,239355.85097647,6655.01000000
ticker,44878717,BTC-USD,2018-06-15T20:39:51.839000Z,sell,6524.99000000,0.16966000,6096150718,6524.99,6525,6694.56000000,6445.00000000,7344.17430024,239356.02063647,6655.01000000
ticker,44878723,BTC-USD,2018-06-15T20:39:51.841000Z,sell,6522.89000000,0.43808000,6096150731,6520,6525,6694.56000000,6445.00000000,7344.61238024,239356.45871647,6655.01000000
ticker,44878725,BTC-USD,2018-06-15T20:39:51.841000Z,sell,6520.00000000,0.55192000,6096150735,6520,6525,6694.56000000,6445.00000000,7345.16430024,239357.01063647,6655.01000000
ticker,44878726,BTC-USD,2018-06-15T20:39:51.858000Z,sell,6520.00000000,0.20000000,6096150746,6520,6525,6694.56000000,6445.00000000,7345.36430024,239357.21063647,6655.01000000
ticker,44878727,BTC-USD,2018-06-15T20:39:51.890000Z,sell,6519.94000000,0.00200000,6096150764,6519.94,6525,6694.56000000,6445.00000000,7345.36630024,239357.21263647,6655.01000000
ticker,44878731,BTC-USD,2018-06-15T20:39:51.911000Z,sell,6517.00000000,0.00200230,6096150795,6516.9,6522.9,6694.56000000,6445.00000000,7345.36830254,239357.21463877,6655.01000000
ticker,44878735,BTC-USD,2018-06-15T20:39:51.929000Z,sell,6516.89000000,0.45820000,6096150813,6516.89,6522.9,6694.56000000,6445.00000000,7345.82650254,239357.67283877,6655.01000000
ticker,44878736,BTC-USD,2018-06-15T20:39:51.959000Z,sell,6519.95000000,0.00200000,6096150853,6520,6522.9,6694.56000000,6445.00000000,7345.82850254,239357.67483877,6655.01000000
ticker,44878737,BTC-USD,2018-06-15T20:39:52.616000Z,sell,6517.01000000,0.00400000,6096151285,6517.01,6517.02,6694.56000000,6445.00000000,7345.83250254,239357.67883877,6655.01000000
ticker,44878738,BTC-USD,2018-06-15T20:39:53.210000Z,sell,6516.89000000,0.71846000,6096151632,6516.89,6516.9,6694.56000000,6445.00000000,7346.55096254,239358.39729877,6655.01000000
ticker,44878739,BTC-USD,2018-06-15T20:39:53.232000Z,sell,6516.89000000,0.54595520,6096151645,6511.95,6511.96,6694.56000000,6445.00000000,7347.09691774,239358.94325397,6655.01000000
ticker,44878740,BTC-USD,2018-06-15T20:39:54.064000Z,sell,6511.95000000,0.00200000,6096152001,6511.95,6511.96,6694.56000000,6445.00000000,7347.09891774,239358.94525397,6655.01000000
ticker,44878741,BTC-USD,2018-06-15T20:39:54.179000Z,sell,6511.95000000,0.00000230,6096152080,6511.47,6511.96,6694.56000000,6445.00000000,7347.09892004,239358.94525627,6655.01000000
ticker,44878752,BTC-USD,2018-06-15T20:39:54.254000Z,sell,6511.47000000,0.00200000,6096152143,6511.42,6511.48,6694.56000000,6445.00000000,7347.10092004,239358.94725627,6655.01000000
ticker,44878753,BTC-USD,2018-06-15T20:39:54.690000Z,sell,6511.42000000,0.20000000,6096152316,6509.99,6510,6694.56000000,6445.00000000,7347.30092004,239359.14725627,6655.01000000
ticker,44878755,BTC-USD,2018-06-15T20:39:55.352000Z,sell,6509.99000000,0.00188388,6096152609,6509.99,6510,6694.56000000,6445.00000000,7347.30280392,239359.14914015,6655.01000000
ticker,44878757,BTC-USD,2018-06-15T20:39:55.359000Z,sell,6509.99000000,0.00199388,6096152620,6509.99,6510,6694.56000000,6445.00000000,7347.3047978,239359.15113403,6655.01000000
ticker,44878758,BTC-USD,2018-06-15T20:39:55.674000Z,sell,6509.99000000,0.00161000,6096152757,6506.79,6510,6694.56000000,6445.00000000,7347.3064078,239359.15274403,6655.01000000
ticker,44878759,BTC-USD,2018-06-15T20:39:56.134000Z,sell,6506.79000000,0.00103000,6096152991,6506.79,6506.8,6694.56000000,6445.00000000,7347.3074378,239359.15377403,6655.01000000
ticker,44878760,BTC-USD,2018-06-15T20:39:56.134000Z,sell,6506.79000000,0.01512381,6096152993,6506.79,6506.8,6694.56000000,6445.00000000,7347.32256161,239359.16889784,6655.01000000
ticker,44878764,BTC-USD,2018-06-15T20:39:58.042000Z,sell,6505.73000000,0.02621178,6096153455,6505.73,6506.8,6694.56000000,6445.00000000,7347.34877339,239359.19510962,6655.01000000
ticker,44878765,BTC-USD,2018-06-15T20:39:58.385000Z,sell,6505.73000000,0.02300000,6096153603,6505.73,6505.74,6694.56000000,6445.00000000,7347.37177339,239359.21810962,6655.01000000
ticker,44878766,BTC-USD,2018-06-15T20:40:03.730000Z,buy,6503.78000000,0.03480000,6096154786,6503.77,6503.78,6694.56000000,6445.00000000,7340.42385182,239351.31224802,6658.00000000
ticker,44878767,BTC-USD,2018-06-15T20:40:07.352000Z,sell,6503.77000000,0.03000000,6096155235,6503.77,6503.78,6694.56000000,6445.00000000,7340.45385182,239351.34224802,6658.00000000
ticker,44878768,BTC-USD,2018-06-15T20:40:07.352000Z,sell,6503.77000000,0.00368646,6096155237,6503.77,6503.78,6694.56000000,6445.00000000,7340.45753828,239351.34593448,6658.00000000
ticker,44878774,BTC-USD,2018-06-15T20:40:07.353000Z,sell,6501.00000000,0.00368831,6096155249,6500.79,6503.78,6694.56000000,6445.00000000,7340.46122659,239351.34962279,6658.00000000
ticker,44878779,BTC-USD,2018-06-15T20:40:07.353000Z,sell,6498.09000000,0.01000000,6096155259,6497.15,6497.98,6694.56000000,6445.00000000,7340.47122659,239351.35962279,6658.00000000
ticker,44878780,BTC-USD,2018-06-15T20:40:25.830000Z,sell,6497.16000000,0.19520000,6096157543,6497.16,6497.17,6694.56000000,6445.00000000,7340.66642659,239351.55482279,6658.00000000
ticker,44878794,BTC-USD,2018-06-15T20:40:36.382000Z,sell,6491.57000000,0.41037113,6096159229,6491.52,6491.53,6694.56000000,6445.00000000,7341.07679772,239351.96519392,6658.00000000
ticker,44878795,BTC-USD,2018-06-15T20:40:39.700000Z,buy,6491.53000000,0.76520000,6096160371,6491.52,6491.53,6694.56000000,6445.00000000,7341.84199772,239352.73039392,6658.00000000
ticker,44878796,BTC-USD,2018-06-15T20:40:39.700000Z,buy,6491.53000000,0.23480000,6096160373,6491.52,6491.53,6694.56000000,6445.00000000,7342.07679772,239352.96519392,6658.00000000
ticker,44878798,BTC-USD,2018-06-15T20:40:39.701000Z,buy,6491.53000000,0.43480000,6096160378,6491.52,6491.53,6694.56000000,6445.00000000,7342.51159772,239353.39999392,6658.00000000
ticker,44878799,BTC-USD,2018-06-15T20:40:43.905000Z,sell,6491.52000000,0.22046843,6096161091,6491.52,6491.53,6694.56000000,6445.00000000,7342.73206615,239353.62046235,6658.00000000
ticker,44878800,BTC-USD,2018-06-15T20:41:01.147000Z,buy,6491.53000000,0.01000000,6096162795,6491.52,6491.53,6694.56000000,6445.00000000,7361.06582496,239379.37580238,6659.00000000
ticker,44878804,BTC-USD,2018-06-15T20:41:01.147000Z,buy,6494.48000000,0.00340457,6096162803,6491.52,6494.48,6694.56000000,6445.00000000,7361.06922953,239379.37920695,6659.00000000
ticker,44878805,BTC-USD,2018-06-15T20:41:13.916000Z,sell,6494.57000000,0.47650000,6096163774,6494.57,6494.58,6694.56000000,6445.00000000,7361.54572953,239379.85570695,6659.00000000
ticker,44878806,BTC-USD,2018-06-15T20:41:24.449000Z,buy,6494.58000000,0.23130000,6096165438,6494.57,6494.58,6694.56000000,6445.00000000,7361.77702953,239380.08700695,6659.00000000
ticker,44878807,BTC-USD,2018-06-15T20:41:37.150000Z,sell,6494.57000000,0.20000000,6096165887,6494.57,6494.58,6694.56000000,6445.00000000,7361.97702953,239380.28700695,6659.00000000
ticker,44878808,BTC-USD,2018-06-15T20:41:37.150000Z,sell,6494.57000000,0.00168000,6096165889,6494.57,6494.58,6694.56000000,6445.00000000,7361.97870953,239380.28868695,6659.00000000
ticker,44878811,BTC-USD,2018-06-15T20:41:37.150000Z,sell,6491.51000000,0.33148680,6096165895,6491.51,6494.58,6694.56000000,6445.00000000,7362.31019633,239380.62017375,6659.00000000
ticker,44878818,BTC-USD,2018-06-15T20:41:48.268000Z,sell,6490.05000000,0.00200000,6096167250,6489.86,6491.52,6694.56000000,6445.00000000,7357.77694014,239377.65129428,6662.50000000
ticker,44878823,BTC-USD,2018-06-15T20:41:48.268000Z,sell,6485.41000000,0.07526481,6096167260,6485.4,6485.41,6694.56000000,6445.00000000,7357.85220495,239377.72655909,6662.50000000
ticker,44878824,BTC-USD,2018-06-15T20:41:55.459000Z,buy,6485.41000000,0.31361136,6096167899,6485.4,6485.41,6694.56000000,6445.00000000,7358.16581631,239378.04017045,6662.50000000
ticker,44878825,BTC-USD,2018-06-15T20:41:59.939000Z,buy,6485.41000000,0.05158864,6096168182,6485.4,6485.41,6694.56000000,6445.00000000,7358.21740495,239378.09175909,6662.50000000
ticker,44878827,BTC-USD,2018-06-15T20:41:59.939000Z,buy,6485.41000000,0.07771136,6096168186,6485.4,6485.41,6694.56000000,6445.00000000,7358.29511631,239378.16947045,6662.50000000
ticker,44878834,BTC-USD,2018-06-15T20:42:10.638000Z,buy,6488.92000000,0.09180620,6096169973,6485.4,6488.92,6694.56000000,6445.00000000,7358.38692251,239378.26127665,6662.50000000
ticker,44878835,BTC-USD,2018-06-15T20:42:37.781000Z,sell,6489.70000000,0.05670000,6096171265,6489.7,6489.71,6694.56000000,6445.00000000,7351.70725893,239377.46565725,6662.50000000
ticker,44878836,BTC-USD,2018-06-15T20:42:49.722000Z,sell,6489.70000000,0.05590000,6096172631,6489.7,6489.71,6694.56000000,6445.00000000,7351.76315893,239377.52155725,6662.50000000
ticker,44878837,BTC-USD,2018-06-15T20:42:50.527000Z,sell,6489.70000000,0.10000000,6096172673,6489.7,6489.71,6694.56000000,6445.00000000,7351.86315893,239377.62155725,6662.50000000
ticker,44878838,BTC-USD,2018-06-15T20:43:00.157000Z,buy,6489.71000000,0.00200000,6096173438,6489.7,6489.71,6694.56000000,6445.00000000,7351.86515893,239377.62355725,6662.50000000
ticker,44878839,BTC-USD,2018-06-15T20:43:00.157000Z,buy,6489.71000000,0.00200000,6096173440,6489.7,6489.71,6694.56000000,6445.00000000,7351.86715893,239377.62555725,6662.50000000
ticker,44878840,BTC-USD,2018-06-15T20:43:00.157000Z,buy,6489.71000000,0.34830000,6096173442,6489.7,6489.71,6694.56000000,6445.00000000,7352.21545893,239377.97385725,6662.50000000
ticker,44878844,BTC-USD,2018-06-15T20:43:11.700000Z,sell,6489.70000000,0.27500000,6096175747,6489.7,6489.71,6694.56000000,6445.00000000,7352.49045893,239378.24885725,6662.50000000
ticker,44878845,BTC-USD,2018-06-15T20:43:22.761000Z,buy,6489.71000000,0.02500000,6096176633,6489.7,6489.71,6694.56000000,6445.00000000,7349.63471849,239375.81679554,6662.49000000
ticker,44878846,BTC-USD,2018-06-15T20:43:22.761000Z,buy,6489.71000000,0.01770000,6096176635,6489.7,6489.71,6694.56000000,6445.00000000,7349.65241849,239375.83449554,6662.49000000
ticker,44878847,BTC-USD,2018-06-15T20:43:44.245000Z,buy,6489.71000000,0.21230000,6096178179,6489.7,6489.71,6694.56000000,6445.00000000,7349.86471849,239376.04679554,6662.49000000
ticker,44878848,BTC-USD,2018-06-15T20:43:47.778000Z,buy,6489.71000000,0.00122000,6096178454,6489.7,6489.72,6694.56000000,6445.00000000,7349.86593849,239376.04801554,6662.49000000
ticker,44878849,BTC-USD,2018-06-15T20:43:47.778000Z,buy,6489.72000000,1.68869862,6096178456,6489.7,6489.72,6694.56000000,6445.00000000,7351.55463711,239377.73671416,6662.49000000
ticker,44878850,BTC-USD,2018-06-15T20:43:49.873000Z,buy,6489.72000000,0.00300000,6096178611,6489.71,6489.72,6694.56000000,6445.00000000,7351.55763711,239377.73971416,6662.49000000
ticker,44878852,BTC-USD,2018-06-15T20:43:56.798000Z,buy,6489.72000000,0.00104000,6096179303,6491.96,6491.97,6694.56000000,6445.00000000,7351.55867711,239377.74075416,6662.49000000
ticker,44878853,BTC-USD,2018-06-15T20:43:57.008000Z,sell,6491.96000000,0.67520000,6096179435,6491.96,6491.97,6694.56000000,6445.00000000,7352.23387711,239378.41595416,6662.49000000
ticker,44878854,BTC-USD,2018-06-15T20:44:20.164000Z,buy,6491.97000000,0.04910000,6096181617,6491.96,6491.97,6694.56000000,6445.00000000,7341.78455468,239376.59335405,6662.50000000
ticker,44878855,BTC-USD,2018-06-15T20:44:32.622000Z,sell,6491.96000000,0.01500000,6096183964,6491.96,6491.97,6694.56000000,6445.00000000,7341.79955468,239376.60835405,6662.50000000
ticker,44878856,BTC-USD,2018-06-15T20:44:44.062000Z,buy,6491.97000000,0.06180000,6096184802,6491.96,6491.97,6694.56000000,6445.00000000,7341.86135468,239376.67015405,6662.50000000
ticker,44878857,BTC-USD,2018-06-15T20:44:45.103000Z,buy,6491.97000000,0.00300000,6096184923,6491.96,6491.97,6694.56000000,6445.00000000,7341.86435468,239376.67315405,6662.50000000
ticker,44878858,BTC-USD,2018-06-15T20:44:45.331000Z,sell,6491.96000000,0.00168200,6096184990,6491.96,6491.97,6694.56000000,6445.00000000,7341.86603668,239376.67483605,6662.50000000
ticker,44878859,BTC-USD,2018-06-15T20:44:55.652000Z,buy,6491.97000000,0.01940000,6096185864,6491.96,6491.97,6694.56000000,6445.00000000,7341.88543668,239376.69423605,6662.50000000
ticker,44878860,BTC-USD,2018-06-15T20:45:03.466000Z,buy,6491.97000000,0.07678786,6096186437,6491.96,6491.97,6694.56000000,6445.00000000,7341.1471678,239375.47302391,6662.49000000
ticker,44878861,BTC-USD,2018-06-15T20:45:03.583000Z,buy,6491.97000000,0.04607271,6096186453,6491.96,6491.97,6694.56000000,6445.00000000,7341.19324051,239375.51909662,6662.49000000
ticker,44878862,BTC-USD,2018-06-15T20:45:03.750000Z,buy,6491.97000000,0.01535757,6096186485,6491.96,6491.97,6694.56000000,6445.00000000,7341.20859808,239375.53445419,6662.49000000
ticker,44878863,BTC-USD,2018-06-15T20:45:06.372000Z,buy,6491.97000000,0.03830000,6096186774,6491.96,6491.97,6694.56000000,6445.00000000,7341.24689808,239375.57275419,6662.49000000
ticker,44878869,BTC-USD,2018-06-15T20:45:17.868000Z,buy,6493.59000000,1.00439921,6096190349,6493.58,6493.59,6694.56000000,6445.00000000,7342.25129729,239376.5771534,6662.49000000
ticker,44878870,BTC-USD,2018-06-15T20:45:31.335000Z,sell,6493.58000000,0.06120000,6096191288,6493.58,6493.59,6694.56000000,6445.00000000,7342.31249729,239376.6383534,6662.49000000
ticker,44878871,BTC-USD,2018-06-15T20:45:42.698000Z,buy,6493.59000000,0.72520000,6096192026,6493.58,6493.59,6694.56000000,6445.00000000,7343.03769729,239377.3635534,6662.49000000
ticker,44878872,BTC-USD,2018-06-15T20:45:49.014000Z,buy,6493.59000000,0.00151000,6096192409,6493.63,6496.26,6694.56000000,6445.00000000,7343.03920729,239377.3650634,6662.49000000
ticker,44878873,BTC-USD,2018-06-15T20:45:55.164000Z,sell,6496.25000000,0.02150000,6096193049,6496.25,6496.26,6694.56000000,6445.00000000,7341.71605608,239376.52426276,6662.50000000
ticker,44878874,BTC-USD,2018-06-15T20:46:08.080000Z,buy,6496.26000000,0.92760000,6096194120,6496.25,6496.26,6694.56000000,6445.00000000,7342.64365608,239377.45186276,6662.50000000
ticker,44878875,BTC-USD,2018-06-15T20:46:13.207000Z,buy,6496.26000000,5.09024780,6096194533,6496.25,6496.26,6694.56000000,6445.00000000,7347.73390388,239382.54211056,6662.50000000
ticker,44878876,BTC-USD,2018-06-15T20:46:15.356000Z,buy,6496.26000000,2.06735220,6096194828,6496.25,6496.26,6694.56000000,6445.00000000,7349.80125608,239384.60946276,6662.50000000
ticker,44878878,BTC-USD,2018-06-15T20:46:15.356000Z,buy,6496.92000000,0.08321460,6096194832,6496.25,6497.17,6694.56000000,6445.00000000,7349.88447068,239384.69267736,6662.50000000
ticker,44878880,BTC-USD,2018-06-15T20:46:15.356000Z,buy,6498.00000000,4.00000000,6096194836,6498.51,6500,6694.56000000,6445.00000000,7353.88447068,239388.69267736,6662.50000000
ticker,44878883,BTC-USD,2018-06-15T20:46:15.510000Z,buy,6500.00000000,0.99270000,6096194972,6499.99,6500,6694.56000000,6445.00000000,7354.87717068,239389.68537736,6662.50000000
ticker,44878884,BTC-USD,2018-06-15T20:46:15.514000Z,buy,6500.00000000,1.00000000,6096194975,6499.99,6500,6694.56000000,6445.00000000,7355.87717068,239390.68537736,6662.50000000
ticker,44878886,BTC-USD,2018-06-15T20:46:16.627000Z,buy,6500.00000000,0.00121975,6096195246,6499.99,6500,6694.56000000,6445.00000000,7355.87839043,239390.68659711,6662.50000000
ticker,44878887,BTC-USD,2018-06-15T20:46:17.524000Z,buy,6500.00000000,0.00000025,6096195420,6501.58,6501.59,6694.56000000,6445.00000000,7355.87839068,239390.68659736,6662.50000000
ticker,44878888,BTC-USD,2018-06-15T20:46:17.906000Z,buy,6501.59000000,0.00200000,6096195559,6501.58,6501.59,6694.56000000,6445.00000000,7355.88039068,239390.68859736,6662.50000000
ticker,44878890,BTC-USD,2018-06-15T20:46:18.994000Z,buy,6503.00000000,0.31204000,6096195759,6502.99,6503,6694.56000000,6445.00000000,7356.19243068,239391.00063736,6662.50000000
ticker,44878905,BTC-USD,2018-06-15T20:46:22.735000Z,buy,6511.37000000,1.00000000,6096196899,6505.73,6511.5,6694.56000000,6445.00000000,7357.19243068,239392.00063736,6662.50000000
ticker,44878908,BTC-USD,2018-06-15T20:46:22.735000Z,buy,6512.64000000,6.46689035,6096196905,6512.63,6512.64,6694.56000000,6445.00000000,7363.65932103,239398.46752771,6662.50000000
ticker,44878910,BTC-USD,2018-06-15T20:46:22.779000Z,sell,6512.63000000,0.25670000,6096196943,6512.63,6512.64,6694.56000000,6445.00000000,7363.91602103,239398.72422771,6662.50000000
ticker,44878912,BTC-USD,2018-06-15T20:46:22.824000Z,sell,6512.63000000,0.47820000,6096197007,6512.63,6512.64,6694.56000000,6445.00000000,7364.39422103,239399.20242771,6662.50000000
ticker,44878913,BTC-USD,2018-06-15T20:46:41.401000Z,sell,6513.20000000,0.01110000,6096200669,6513.2,6513.21,6694.56000000,6445.00000000,7364.40532103,239399.21352771,6662.50000000
ticker,44878914,BTC-USD,2018-06-15T20:46:52.961000Z,buy,6513.21000000,0.05200000,6096202900,6513.2,6513.21,6694.56000000,6445.00000000,7356.11958377,239403.71469503,6683.49000000
ticker,44878916,BTC-USD,2018-06-15T20:47:05.171000Z,sell,6513.20000000,0.00200000,6096204284,6513.2,6513.21,6694.56000000,6445.00000000,7356.12158377,239403.71669503,6683.49000000
ticker,44878918,BTC-USD,2018-06-15T20:47:05.171000Z,sell,6513.20000000,0.00182000,6096204288,6513.2,6513.21,6694.56000000,6445.00000000,7356.12340377,239403.71851503,6683.49000000
ticker,44878921,BTC-USD,2018-06-15T20:47:05.171000Z,sell,6513.19000000,0.00399106,6096204294,6513.19,6513.21,6694.56000000,6445.00000000,7356.12739483,239403.72250609,6683.49000000
ticker,44878923,BTC-USD,2018-06-15T20:47:05.435000Z,sell,6513.19000000,0.00155443,6096204415,6513.19,6513.2,6694.56000000,6445.00000000,7356.12894926,239403.72406052,6683.49000000
ticker,44878924,BTC-USD,2018-06-15T20:47:09.851000Z,sell,6513.19000000,0.00020557,6096205163,6509.7,6513.2,6694.56000000,6445.00000000,7356.12915483,239403.72426609,6683.49000000
ticker,44878926,BTC-USD,2018-06-15T20:47:09.851000Z,sell,6509.00000000,1.37502443,6096205167,6509,6513.2,6694.56000000,6445.00000000,7357.50417926,239405.09929052,6683.49000000
ticker,44878931,BTC-USD,2018-06-15T20:47:17.127000Z,sell,6505.74000000,0.14130000,6096206982,6505.74,6505.75,6694.56000000,6445.00000000,7357.64547926,239405.24059052,6683.49000000
ticker,44878932,BTC-USD,2018-06-15T20:47:21.307000Z,sell,6505.74000000,0.05870000,6096207671,6505.74,6505.75,6694.56000000,6445.00000000,7357.70417926,239405.29929052,6683.49000000
ticker,44878939,BTC-USD,2018-06-15T20:47:21.307000Z,sell,6502.59000000,0.11026489,6096207685,6502.59,6505.75,6694.56000000,6445.00000000,7357.81444415,239405.40955541,6683.49000000
ticker,44878940,BTC-USD,2018-06-15T20:47:28.991000Z,buy,6502.60000000,0.01000000,6096208942,6502.59,6502.6,6694.56000000,6445.00000000,7357.82444415,239405.41955541,6683.49000000
ticker,44878942,BTC-USD,2018-06-15T20:47:28.991000Z,buy,6505.75000000,0.55093106,6096208946,6502.59,6505.75,6694.56000000,6445.00000000,7358.37537521,239405.97048647,6683.49000000
ticker,44878943,BTC-USD,2018-06-15T20:47:41.347000Z,sell,6509.00000000,0.18780000,6096212906,6509,6509.01,6694.56000000,6445.00000000,7351.91999609,239402.80688641,6679.91000000
ticker,44878945,BTC-USD,2018-06-15T20:47:52.620000Z,buy,6509.01000000,0.43000000,6096215141,6509,6509.01,6694.56000000,6445.00000000,7352.34999609,239403.23688641,6679.91000000
ticker,44878946,BTC-USD,2018-06-15T20:48:05.109000Z,sell,6509.00000000,0.02200000,6096217430,6509,6509.01,6694.56000000,6445.00000000,7352.37199609,239403.25888641,6679.91000000
ticker,44878947,BTC-USD,2018-06-15T20:48:17.442000Z,buy,6509.01000000,0.09480000,6096219872,6509,6509.01,6694.56000000,6445.00000000,7352.46679609,239403.35368641,6679.91000000
ticker,44878948,BTC-USD,2018-06-15T20:48:28.556000Z,buy,6509.01000000,0.00520000,6096222041,6509,6509.01,6694.56000000,6445.00000000,7348.90407519,239403.09454181,6669.52000000
ticker,44878950,BTC-USD,2018-06-15T20:48:28.556000Z,buy,6509.01000000,0.99050000,6096222045,6509,6509.01,6694.56000000,6445.00000000,7349.89457519,239404.08504181,6669.52000000
ticker,44878951,BTC-USD,2018-06-15T20:48:39.529000Z,buy,6509.01000000,0.09390000,6096223278,6509,6509.01,6694.56000000,6445.00000000,7349.98847519,239404.17894181,6669.52000000
ticker,44878953,BTC-USD,2018-06-15T20:48:51.266000Z,sell,6509.00000000,0.00100000,6096224429,6509,6509.01,6694.56000000,6445.00000000,7349.98947519,239404.17994181,6669.52000000
ticker,44878954,BTC-USD,2018-06-15T20:48:51.279000Z,sell,6509.00000000,0.00004000,6096224445,6505.2,6509.01,6694.56000000,6445.00000000,7349.98951519,239404.17998181,6669.52000000
ticker,44878957,BTC-USD,2018-06-15T20:48:51.414000Z,sell,6499.12000000,0.04090000,6096224576,6501.6,6505.21,6694.56000000,6445.00000000,7350.03041519,239404.22088181,6669.52000000
ticker,44878958,BTC-USD,2018-06-15T20:49:03.247000Z,sell,6500.52000000,0.23920000,6096226142,6500.52,6500.53,6694.56000000,6445.00000000,7350.26961519,239404.46008181,6669.52000000
ticker,44878959,BTC-USD,2018-06-15T20:49:12.193000Z,sell,6500.52000000,0.18041777,6096227026,6500.52,6500.53,6694.56000000,6445.00000000,7350.45003296,239404.64049958,6669.52000000
ticker,44878960,BTC-USD,2018-06-15T20:49:17.144000Z,sell,6500.52000000,0.14780000,6096227482,6500.52,6500.53,6694.56000000,6445.00000000,7342.35708124,239404.31242361,6674.71000000
ticker,44878961,BTC-USD,2018-06-15T20:49:36.655000Z,sell,6500.52000000,0.07720000,6096232149,6500.52,6500.53,6694.56000000,6445.00000000,7342.43428124,239404.38962361,6674.71000000
ticker,44878962,BTC-USD,2018-06-15T20:49:38.308000Z,buy,6500.53000000,0.23006023,6096232681,6500.52,6500.53,6694.56000000,6445.00000000,7342.66434147,239404.61968384,6674.71000000
ticker,44878965,BTC-USD,2018-06-15T20:49:39.476000Z,sell,6500.52000000,0.20981777,6096233014,6500.52,6500.53,6694.56000000,6445.00000000,7342.87415924,239404.82950161,6674.71000000
ticker,44878966,BTC-USD,2018-06-15T20:49:50.348000Z,buy,6500.53000000,0.09660000,6096234256,6500.52,6500.53,6694.56000000,6445.00000000,7342.97075924,239404.92610161,6674.71000000
ticker,44878967,BTC-USD,2018-06-15T20:50:02.534000Z,buy,6500.53000000,0.12338283,6096236122,6500.52,6500.53,6694.56000000,6445.00000000,7328.94590496,239405.70002984,6674.70000000
ticker,44878968,BTC-USD,2018-06-15T20:50:02.957000Z,buy,6500.53000000,0.15540000,6096236245,6500.52,6500.53,6694.56000000,6445.00000000,7329.10130496,239405.85542984,6674.70000000
ticker,44878969,BTC-USD,2018-06-15T20:50:07.530000Z,buy,6500.53000000,0.00766867,6096237140,6500.52,6500.53,6694.56000000,6445.00000000,7329.10897363,239405.86309851,6674.70000000
ticker,44878971,BTC-USD,2018-06-15T20:50:14.626000Z,buy,6500.53000000,0.05566867,6096238390,6500.52,6500.53,6694.56000000,6445.00000000,7329.1646423,239405.91876718,6674.70000000
ticker,44878974,BTC-USD,2018-06-15T20:50:27.387000Z,buy,6503.43000000,0.02614200,6096240991,6500.53,6503.43,6694.56000000,6445.00000000,7329.1907843,239405.94490918,6674.70000000
ticker,44878975,BTC-USD,2018-06-15T20:50:40.051000Z,buy,6505.19000000,0.41800000,6096242621,6505.18,6505.19,6694.56000000,6445.00000000,7329.6087843,239406.36290918,6674.70000000
ticker,44878976,BTC-USD,2018-06-15T20:50:44.564000Z,sell,6505.18000000,0.42000000,6096243567,6505.18,6505.19,6694.56000000,6445.00000000,7330.0287843,239406.78290918,6674.70000000
ticker,44878977,BTC-USD,2018-06-15T20:50:44.564000Z,sell,6505.18000000,0.08000000,6096243569,6505.18,6505.19,6694.56000000,6445.00000000,7330.1087843,239406.86290918,6674.70000000
ticker,44878979,BTC-USD,2018-06-15T20:50:53.176000Z,buy,6508.45000000,0.07892000,6096244714,6505.18,6508.45,6694.56000000,6445.00000000,7317.68371369,239405.72711851,6674.71000000
ticker,44878982,BTC-USD,2018-06-15T20:50:55.163000Z,buy,6509.01000000,0.81628110,6096245381,6509,6509.01,6694.56000000,6445.00000000,7318.49999479,239406.54339961,6674.71000000
ticker,44878983,BTC-USD,2018-06-15T20:51:05.499000Z,buy,6509.01000000,0.13380000,6096246896,6509,6509.01,6694.56000000,6445.00000000,7318.63379479,239406.67719961,6674.71000000
ticker,44878984,BTC-USD,2018-06-15T20:51:18.157000Z,sell,6509.00000000,0.12000000,6096248461,6509,6509.01,6694.56000000,6445.00000000,7318.75379479,239406.79719961,6674.71000000
ticker,44878985,BTC-USD,2018-06-15T20:51:18.157000Z,sell,6509.00000000,0.00184000,6096248463,6509,6509.01,6694.56000000,6445.00000000,7318.75563479,239406.79903961,6674.71000000
ticker,44878987,BTC-USD,2018-06-15T20:51:18.157000Z,sell,6505.92000000,0.25009447,6096248467,6505.92,6509.01,6694.56000000,6445.00000000,7319.00572926,239407.04913408,6674.71000000
ticker,44878988,BTC-USD,2018-06-15T20:51:18.235000Z,buy,6505.89000000,0.80000000,6096248541,6505.88,6505.89,6694.56000000,6445.00000000,7319.80572926,239407.84913408,6674.71000000
ticker,44878989,BTC-USD,2018-06-15T20:51:18.235000Z,buy,6505.89000000,0.20000000,6096248543,6505.88,6505.89,6694.56000000,6445.00000000,7320.00572926,239408.04913408,6674.71000000
ticker,44879029,BTC-USD,2018-06-15T20:51:31.001000Z,buy,6499.30000000,1.00000000,6096250703,6499.29,6499.3,6694.56000000,6445.00000000,7321.00572926,239409.04913408,6674.71000000
ticker,44879030,BTC-USD,2018-06-15T20:51:42.176000Z,buy,6499.30000000,0.02980000,6096252365,6499.29,6499.3,6694.56000000,6445.00000000,7308.13702781,239406.56348126,6669.60000000
ticker,44879031,BTC-USD,2018-06-15T20:52:14.811000Z,sell,6499.29000000,0.20000000,6096257426,6499.29,6499.3,6694.56000000,6445.00000000,7308.33702781,239406.76348126,6669.60000000
ticker,44879032,BTC-USD,2018-06-15T20:52:14.811000Z,sell,6499.29000000,0.23830000,6096257428,6499.29,6499.3,6694.56000000,6445.00000000,7308.57532781,239407.00178126,6669.60000000
ticker,44879033,BTC-USD,2018-06-15T20:52:27.374000Z,sell,6499.29000000,0.31070000,6096259194,6499.29,6499.3,6694.56000000,6445.00000000,7308.88602781,239407.31248126,6669.60000000
ticker,44879035,BTC-USD,2018-06-15T20:52:27.374000Z,sell,6499.29000000,0.18860000,6096259198,6499.29,6499.3,6694.56000000,6445.00000000,7309.07462781,239407.50108126,6669.60000000
ticker,44879036,BTC-USD,2018-06-15T20:52:39.896000Z,sell,6499.29000000,0.31210000,6096260781,6499.29,6499.3,6694.56000000,6445.00000000,7315.03697368,239407.55240426,6669.61000000
ticker,44879037,BTC-USD,2018-06-15T20:52:41.447000Z,sell,6499.29000000,0.01336038,6096260999,6499.29,6499.3,6694.56000000,6445.00000000,7315.05033406,239407.56576464,6669.61000000
ticker,44879039,BTC-USD,2018-06-15T20:53:07.001000Z,buy,6499.30000000,1.00000000,6096264053,6499.29,6499.3,6694.56000000,6445.00000000,7316.05033406,239408.56576464,6669.61000000
ticker,44879041,BTC-USD,2018-06-15T20:53:07.001000Z,buy,6499.30000000,2.50000000,6096264057,6499.29,6499.3,6694.56000000,6445.00000000,7318.55033406,239411.06576464,6669.61000000
ticker,44879042,BTC-USD,2018-06-15T20:53:07.001000Z,buy,6499.30000000,0.40770000,6096264059,6499.29,6499.3,6694.56000000,6445.00000000,7318.95803406,239411.47346464,6669.61000000
ticker,44879043,BTC-USD,2018-06-15T20:53:18.265000Z,buy,6499.30000000,0.01550000,6096266108,6499.29,6499.3,6694.56000000,6445.00000000,7318.97353406,239411.48896464,6669.61000000
